[
  {
    "name": "Global",
    "settings": [
      {
        "type": "heading",
        "content": "Background and lines"
      },
      {
        "type": "color",
        "label": "Banner background",
        "id": "color-primary"
      },
      {
        "type": "color",
        "label": "Page background",
        "id": "body-bg"
      },
      {
        "type": "color",
        "label": "Common dark background",
        "id": "container-fill-dark"
      },
      {
        "type": "color",
        "label": "Modal overlay background",
        "id": "overlay-backgroundColor"
      },
      {
        "type": "color",
        "label": "Alert popup box background",
        "id": "alert-backgroundColor"
      },
      {
        "type": "color",
        "label": "Horizontal line",
        "id": "container-border-global-color-base"
      },
      {
        "type": "heading",
        "content": "Body text and links"
      },
      {
        "type": "font",
        "label": "Body text font family",
        "id": "body-font",
        "options": [
          {
            "group": "Karla",
            "label": "Karla",
            "value": "Google_Karla_400"
          },
          {
            "group": "Roboto",
            "label": "Roboto",
            "value": "Google_Roboto_400"
          },
          {
            "group": "Source Sans Pro",
            "label": "Source Sans Pro",
            "value": "Google_Source+Sans+Pro_400"
          }
        ]
      },
      {
        "type": "select",
        "label": "Body text font size",
        "id": "fontSize-root",
        "options": [
          {
            "value": 12,
            "label": "12px"
          },
          {
            "value": 13,
            "label": "13px"
          },
          {
            "value": 14,
            "label": "14px"
          },
          {
            "value": 16,
            "label": "16px"
          },
          {
            "value": 18,
            "label": "18px"
          }
        ]
      },
      {
        "type": "color",
        "label": "Body text color",
        "id": "color-textBase"
      },
      {
        "type": "color",
        "label": "Body text hover color",
        "id": "color-textBase--hover"
      },
      {
        "type": "color",
        "label": "Secondary text color",
        "id": "color-textSecondary"
      },
      {
        "type": "color",
        "label": "Secondary text hover color",
        "id": "color-textSecondary--hover"
      },
      {
        "type": "color",
        "label": "Link color",
        "id": "color-textLink"
      },
      {
        "type": "color",
        "label": "Link hover color",
        "id": "color-textLink--hover"
      },
      {
        "type": "color",
        "label": "Link active color",
        "id": "color-textLink--active"
      },
      {
        "type": "heading",
        "content": "Headings"
      },
      {
        "type": "font",
        "label": "Heading font family",
        "id": "headings-font",
        "options": [
          {
            "group": "Montserrat",
            "label": "Montserrat",
            "value": "Google_Montserrat_400"
          },
          {
            "group": "Open Sans",
            "label": "Open Sans",
            "value": "Google_Open+Sans_400"
          },
          {
            "group": "Open Sans",
            "label": "Open Sans Bold",
            "value": "Google_Open+Sans_700"
          },
          {
            "group": "Roboto",
            "label": "Roboto",
            "value": "Google_Roboto_400"
          },
          {
            "group": "Volkhov",
            "label": "Volkhov",
            "value": "Google_Volkhov_400"
          }
        ]
      },
      {
        "type": "select",
        "label": "Heading 1",
        "id": "fontSize-h1",
        "options": [
          {
            "value": 24,
            "label": "24px"
          },
          {
            "value": 26,
            "label": "26px"
          },
          {
            "value": 28,
            "label": "28px"
          },
          {
            "value": 32,
            "label": "32px"
          },
          {
            "value": 36,
            "label": "36px"
          }
        ]
      },
      {
        "type": "select",
        "label": "Heading 2",
        "id": "fontSize-h2",
        "options": [
          {
            "value": 21,
            "label": "21px"
          },
          {
            "value": 23,
            "label": "23px"
          },
          {
            "value": 25,
            "label": "25px"
          },
          {
            "value": 29,
            "label": "29px"
          },
          {
            "value": 33,
            "label": "33px"
          }
        ]
      },
      {
        "type": "select",
        "label": "Heading 3",
        "id": "fontSize-h3",
        "options": [
          {
            "value": 18,
            "label": "18px"
          },
          {
            "value": 20,
            "label": "20px"
          },
          {
            "value": 22,
            "label": "22px"
          },
          {
            "value": 26,
            "label": "26px"
          },
          {
            "value": 30,
            "label": "30px"
          }
        ]
      },
      {
        "type": "select",
        "label": "Heading 4",
        "id": "fontSize-h4",
        "options": [
          {
            "value": 16,
            "label": "16px"
          },
          {
            "value": 18,
            "label": "18px"
          },
          {
            "value": 20,
            "label": "20px"
          },
          {
            "value": 24,
            "label": "24px"
          },
          {
            "value": 28,
            "label": "28px"
          }
        ]
      },
      {
        "type": "select",
        "label": "Heading 5",
        "id": "fontSize-h5",
        "options": [
          {
            "value": 11,
            "label": "11px"
          },
          {
            "value": 13,
            "label": "13px"
          },
          {
            "value": 15,
            "label": "15px"
          },
          {
            "value": 19,
            "label": "19px"
          },
          {
            "value": 23,
            "label": "23px"
          }
        ]
      },
      {
        "type": "select",
        "label": "Heading 6",
        "id": "fontSize-h6",
        "options": [
          {
            "value": 9,
            "label": "9px"
          },
          {
            "value": 11,
            "label": "11px"
          },
          {
            "value": 13,
            "label": "13px"
          },
          {
            "value": 17,
            "label": "17px"
          },
          {
            "value": 21,
            "label": "21px"
          }
        ]
      },
      {
        "type": "color",
        "label": "Heading text color",
        "id": "color-textHeading"
      },
      {
        "type": "heading",
        "content": "Loading indicators"
      },
      {
        "type": "color",
        "label": "Page loading bar",
        "id": "pace-progress-backgroundColor"
      },
      {
        "type": "color",
        "label": "Spinner light half",
        "id": "spinner-borderColor-light"
      },
      {
        "type": "color",
        "label": "Spinner dark half",
        "id": "spinner-borderColor-dark"
      },
      {
        "type": "color",
        "label": "Modal loading background",
        "id": "loadingOverlay-backgroundColor"
      },
      {
        "type": "color",
        "label": "Product thumbnail loading background",
        "id": "container-fill-base"
      },
      {
        "type": "heading",
        "content": "Products"
      },
      {
        "type": "select",
        "id": "product_list_display_mode",
        "force_reload": true,
        "label": "Display style",
        "options": [
          {
            "value": "grid",
            "label": "Show products in a grid"
          },
          {
            "value": "list",
            "label": "Show products in a list"
          }
        ]
      },
      {
        "type": "heading",
        "content": "Blog"
      },
      {
        "type": "imageDimension",
        "id": "blog_size",
        "force_reload": true,
        "label": "Size of images",
        "options": [
          {
            "value": "190x250",
            "label": "Optimized for theme"
          },
          {
            "value": "custom",
            "label": "Specify dimensions"
          }
        ]
      },
      {
        "type": "heading",
        "content": "Pricing"
      },
      {
        "type": "checkbox",
        "label": "Show price ranges for products with variants. If disabled it will show the product price",
        "force_reload": true,
        "id": "price_ranges"
      },
      {
        "type": "heading",
        "content": "Purchase options"
      },
      {
        "type": "checkbox",
        "label": "Hide purchase options (price and add to cart button) for customers who aren't logged in",
        "force_reload": true,
        "id": "restrict_to_login"
      },
      {
        "type": "heading",
        "content": "Form Input fields"
      },
      {
        "type": "color",
        "label": "Label text color",
        "id": "form-label-font-color"
      },
      {
        "type": "color",
        "label": "Field text color",
        "id": "input-font-color"
      },
      {
        "type": "color",
        "label": "Field background",
        "id": "input-bg-color"
      },
      {
        "type": "color",
        "label": "Field background disabled",
        "id": "input-disabled-bg"
      },
      {
        "type": "color",
        "label": "Field border",
        "id": "input-border-color"
      },
      {
        "type": "color",
        "label": "Field border active",
        "id": "input-border-color-active"
      }
    ]
  },
  {
    "name": "Header & Footer",
    "settings": [
      {
        "type": "heading",
        "content": "Header"
      },
      {
        "type": "color",
        "label": "Header background",
        "id": "header-backgroundColor"
      },
      {
        "type": "heading",
        "content": "Logo"
      },
      {
        "type": "select",
        "label": "Logo position",
        "id": "logo-position",
        "force_reload": true,
        "options": [
          {
            "value": "right",
            "label": "Right"
          },
          {
            "value": "center",
            "label": "Center"
          },
          {
            "value": "left",
            "label": "Left"
          }
        ]
      },
      {
        "type": "imageDimension",
        "label": "Logo image size",
        "id": "logo_size",
        "description": "Please specify a maximum image size for desktop display. We'll automatically scale down the image for smaller devices.",
        "force_reload": true,
        "options": [
          {
            "value": "250x100",
            "label": "Optimized for theme"
          },
          {
            "value": "original",
            "label": "Original (as uploaded)"
          },
          {
            "value": "custom",
            "label": "Specify dimensions"
          }
        ]
      },
      {
        "type": "font",
        "label": "Logo font family",
        "id": "logo-font",
        "options": [
          {
            "group": "Oswald",
            "label": "Oswald",
            "value": "Google_Oswald_400"
          },
          {
            "group": "Oswald",
            "label": "Oswald Light",
            "value": "Google_Oswald_300"
          }
        ]
      },
      {
        "type": "select",
        "label": "Logo font size",
        "id": "logo_fontSize",
        "options": [
          {
            "value": 14,
            "label": "14px"
          },
          {
            "value": 16,
            "label": "16px"
          },
          {
            "value": 18,
            "label": "18px"
          },
          {
            "value": 20,
            "label": "20px"
          },
          {
            "value": 22,
            "label": "22px"
          },
          {
            "value": 24,
            "label": "24px"
          },
          {
            "value": 26,
            "label": "26px"
          },
          {
            "value": 28,
            "label": "28px"
          },
          {
            "value": 30,
            "label": "30px"
          },
          {
            "value": 32,
            "label": "32px"
          },
          {
            "value": 34,
            "label": "34px"
          },
          {
            "value": 36,
            "label": "36px"
          },
          {
            "value": 38,
            "label": "38px"
          },
          {
            "value": 40,
            "label": "40px"
          },
          {
            "value": 42,
            "label": "42px"
          },
          {
            "value": 44,
            "label": "44px"
          },
          {
            "value": 46,
            "label": "46px"
          },
          {
            "value": 48,
            "label": "48px"
          },
          {
            "value": 50,
            "label": "50px"
          },
          {
            "value": 52,
            "label": "52px"
          },
          {
            "value": 54,
            "label": "54px"
          },
          {
            "value": 56,
            "label": "56px"
          },
          {
            "value": 58,
            "label": "58px"
          },
          {
            "value": 60,
            "label": "60px"
          },
          {
            "value": 62,
            "label": "62px"
          },
          {
            "value": 64,
            "label": "64px"
          },
          {
            "value": 66,
            "label": "66px"
          },
          {
            "value": 68,
            "label": "68px"
          },
          {
            "value": 70,
            "label": "70px"
          },
          {
            "value": 72,
            "label": "72px"
          },
          {
            "value": 74,
            "label": "74px"
          }
        ]
      },
      {
        "type": "color",
        "label": "Logo text color",
        "id": "storeName-color"
      },
      {
        "type": "heading",
        "content": "Utility navigation"
      },
      {
        "type": "color",
        "label": "Text color",
        "id": "navUser-color"
      },
      {
        "type": "color",
        "label": "Text hover color",
        "id": "navUser-color-hover"
      },
      {
        "type": "color",
        "label": "Cart dropdown background",
        "id": "navUser-dropdown-backgroundColor"
      },
      {
        "type": "color",
        "label": "Cart dropdown border",
        "id": "navUser-dropdown-borderColor"
      },
      {
        "type": "color",
        "label": "Cart counter background",
        "id": "navUser-indicator-backgroundColor"
      },
      {
        "type": "heading",
        "content": "Main navigation"
      },
      {
        "type": "checkbox",
        "label": "Hide links to web pages",
        "force_reload": true,
        "id": "hide_content_navigation"
      },
      {
        "type": "color",
        "label": "Text color",
        "id": "navPages-color"
      },
      {
        "type": "color",
        "label": "Text hover color",
        "id": "navPages-color-hover"
      },
      {
        "type": "color",
        "label": "Dropdown menu background",
        "id": "navPages-subMenu-backgroundColor"
      },
      {
        "type": "color",
        "label": "Dropdown menu border",
        "id": "navPages-subMenu-separatorColor"
      },
      {
        "type": "select",
        "label": "Dropdown menu display mode",
        "id": "navigation_design",
        "force_reload": true,
        "options": [
          {
            "value": "simple",
            "label": "Simple (Menu display depth of 3)"
          },
          {
            "value": "alternate",
            "label": "Alternate (Max menu display depth)"
          }
        ]
      },
      {
        "type": "color",
        "label": "Quick search background",
        "id": "dropdown--quickSearch-backgroundColor"
      },
      {
        "type": "heading",
        "content": "Social media icons"
      },
      {
        "type": "paragraph",
        "content": "Social accounts must be set up to use this feature."
      },
      {
        "type": "checkbox",
        "label": "Show social media icons",
        "force_reload": true,
        "id": "social_icon_placement_top"
      },
      {
        "type": "select",
        "label": "Footer Placement",
        "id": "social_icon_placement_bottom",
        "force_reload": true,
        "reference": "social_icon_placement_top",
        "reference_default": false,
        "options": [
          {
            "value": "bottom_none",
            "label": "None"
          },
          {
            "value": "bottom_right",
            "label": "Right"
          },
          {
            "value": "bottom_left",
            "label": "Left"
          }
        ]
      },
      {
        "type": "heading",
        "content": "Footer"
      },
      {
        "type": "color",
        "label": "Footer background",
        "id": "footer-backgroundColor"
      },
      {
        "type": "heading",
        "content": "Display settings"
      },
      {
        "type": "checkbox",
        "label": "Show &quot;Powered by BigCommerce&quot;",
        "force_reload": true,
        "id": "show_powered_by"
      },
      {
        "type": "checkbox",
        "label": "Show brands in footer",
        "force_reload": true,
        "id": "shop_by_brand_show_footer"
      },
      {
        "type": "checkbox",
        "label": "Show &quot;&copy;&quot;, current year and store name",
        "force_reload": true,
        "id": "show_copyright_footer"
      },
      {
        "type": "heading",
        "content": "Payment icons"
      },
      {
        "type": "checkbox",
        "label": "Show American Express",
        "force_reload": true,
        "id": "show_accept_amex"
      },
      {
        "type": "checkbox",
        "label": "Show Discover",
        "force_reload": true,
        "id": "show_accept_discover"
      },
      {
        "type": "checkbox",
        "label": "Show Mastercard",
        "force_reload": true,
        "id": "show_accept_mastercard"
      },
      {
        "type": "checkbox",
        "label": "Show PayPal",
        "force_reload": true,
        "id": "show_accept_paypal"
      },
      {
        "type": "checkbox",
        "label": "Show Visa",
        "force_reload": true,
        "id": "show_accept_visa"
      },
      {
        "type": "select",
        "label": "Apple Pay color",
        "id": "applePay-button",
        "options": [
          {
            "value": "black",
            "label": "Black (white text)"
          },
          {
            "value": "white",
            "label": "White (black text)"
          },
          {
            "value": "white-border",
            "label": "White (black text with border)"
          }
        ]
      },
      {
        "type": "heading",
        "content": "GeoTrust SSL"
      },
      {
        "type": "paragraph",
        "content": "If you've purchased a GeoTrust SSL from BigCommerce, check your BigCommerce Account Dashboard for the correct Common Name to use here."
      },
      {
        "type": "text",
        "label": "SSL Common Name",
        "force_reload": true,
        "id": "geotrust_ssl_common_name"
      },
      {
        "type": "select",
        "label": "Seal size",
        "id": "geotrust_ssl_seal_size",
        "options": [
          {
            "value": "M",
            "label": "Medium"
          },
          {
            "value": "S",
            "label": "Small"
          }
        ],
        "force_reload": true
      }
    ]
  },
  {
    "name": "Home Page",
    "settings": [
      {
        "type": "heading",
        "content": "Carousel"
      },
      {
        "type": "checkbox",
        "label": "Show carousel",
        "force_reload": true,
        "id": "homepage_show_carousel"
      },
      {
        "type": "checkbox",
        "label": "Show carousel arrows",
        "force_reload": true,
        "id": "homepage_show_carousel_arrows"
      },
      {
        "type": "checkbox",
        "label": "Allow image to stretch on large screens",
        "force_reload": true,
        "id": "homepage_stretch_carousel_images"
      },
      {
        "type": "color",
        "label": "Content background",
        "id": "carousel-bgColor"
      },
      {
        "type": "color",
        "label": "Header text",
        "id": "carousel-title-color"
      },
      {
        "type": "color",
        "label": "Description text",
        "id": "carousel-description-color"
      },
      {
        "type": "color",
        "label": "Indicator",
        "id": "carousel-dot-color"
      },
      {
        "type": "color",
        "label": "Indicator active",
        "id": "carousel-dot-color-active"
      },
      {
        "type": "color",
        "label": "Indicator background",
        "id": "carousel-dot-bgColor"
      },
      {
        "type": "color",
        "label": "Arrow",
        "id": "carousel-arrow-color"
      },
      {
        "type": "color",
        "label": "Arrow background",
        "id": "carousel-arrow-bgColor"
      },
      {
        "type": "color",
        "label": "Arrow border",
        "id": "carousel-arrow-borderColor"
      },
      {
        "type": "heading",
        "content": "Products"
      },
      {
        "type": "select",
        "label": "Number of featured products",
        "id": "homepage_featured_products_count",
        "force_reload": true,
        "options": [
          {
            "value": 0,
            "label": "Disable"
          },
          {
            "value": 1,
            "label": "1"
          },
          {
            "value": 2,
            "label": "2"
          },
          {
            "value": 3,
            "label": "3"
          },
          {
            "value": 4,
            "label": "4"
          },
          {
            "value": 5,
            "label": "5"
          },
          {
            "value": 6,
            "label": "6"
          },
          {
            "value": 7,
            "label": "7"
          },
          {
            "value": 8,
            "label": "8"
          },
          {
            "value": 9,
            "label": "9"
          },
          {
            "value": 10,
            "label": "10"
          },
          {
            "value": 11,
            "label": "11"
          },
          {
            "value": 12,
            "label": "12"
          }
        ]
      },
      {
        "type": "select",
        "label": "Number of most popular products",
        "id": "homepage_top_products_count",
        "force_reload": true,
        "options": [
          {
            "value": 0,
            "label": "Disable"
          },
          {
            "value": 1,
            "label": "1"
          },
          {
            "value": 2,
            "label": "2"
          },
          {
            "value": 3,
            "label": "3"
          },
          {
            "value": 4,
            "label": "4"
          },
          {
            "value": 5,
            "label": "5"
          },
          {
            "value": 6,
            "label": "6"
          },
          {
            "value": 7,
            "label": "7"
          },
          {
            "value": 8,
            "label": "8"
          },
          {
            "value": 9,
            "label": "9"
          },
          {
            "value": 10,
            "label": "10"
          },
          {
            "value": 11,
            "label": "11"
          },
          {
            "value": 12,
            "label": "12"
          }
        ]
      },
      {
        "type": "select",
        "label": "Number of new products",
        "id": "homepage_new_products_count",
        "force_reload": true,
        "options": [
          {
            "value": 0,
            "label": "Disable"
          },
          {
            "value": 1,
            "label": "1"
          },
          {
            "value": 2,
            "label": "2"
          },
          {
            "value": 3,
            "label": "3"
          },
          {
            "value": 4,
            "label": "4"
          },
          {
            "value": 5,
            "label": "5"
          },
          {
            "value": 6,
            "label": "6"
          },
          {
            "value": 7,
            "label": "7"
          },
          {
            "value": 8,
            "label": "8"
          },
          {
            "value": 9,
            "label": "9"
          },
          {
            "value": 10,
            "label": "10"
          },
          {
            "value": 11,
            "label": "11"
          },
          {
            "value": 12,
            "label": "12"
          }
        ]
      }
    ]
  },
  {
    "name": "Products",
    "settings": [
      {
        "type": "heading",
        "content": "Product sale badges"
      },
      {
        "type": "select",
        "label": "Show product sale badges",
        "id": "product_sale_badges",
        "force_reload": true,
        "options": [
          {
            "value": "none",
            "label": "None"
          },
          {
            "value": "topleft",
            "label": "Top Left"
          },
          {
            "value": "sash",
            "label": "Diagonal"
          },
          {
            "value": "burst",
            "label": "Burst"
          }
        ]
      },
      {
        "type": "text",
        "label": "Product price label (sale)",
        "force_reload": true,
        "id": "pdp-sale-price-label",
        "reference": "product_sale_badges",
        "reference_default": "none"
      },
      {
        "type": "text",
        "label": "Product price label (before sale)",
        "force_reload": true,
        "id": "pdp-non-sale-price-label",
        "reference": "product_sale_badges",
        "reference_default": "none"
      },
      {
        "type": "text",
        "label": "Product price label (retail)",
        "force_reload": true,
        "id": "pdp-retail-price-label",
        "reference": "product_sale_badges",
        "reference_default": "none"
      },
      {
        "type": "text",
        "label": "Product price label",
        "force_reload": true,
        "id": "pdp-price-label",
        "reference": "product_sale_badges",
        "reference_default": "none"
      },
      {
        "type": "paragraph",
        "content": "* the 'Product price label' is displayed when there is not a sale price.",
        "reference": "product_sale_badges",
        "reference_default": "none"
      },
      {
        "type": "color",
        "label": "Badge text color",
        "id": "color_text_product_sale_badges",
        "reference": "product_sale_badges",
        "reference_default": "none"
      },
      {
        "type": "color",
        "label": "Badge color",
        "id": "color_badge_product_sale_badges",
        "reference": "product_sale_badges",
        "reference_default": "none"
      },
      {
        "type": "color",
        "label": "Badge hover color",
        "id": "color_hover_product_sale_badges",
        "reference": "product_sale_badges",
        "reference_default": "none"
      },
      {
        "type": "paragraph",
        "content": "*For texture swatches, max dimensions are 150x150.",
        "reference": "product_sale_badges",
        "reference_default": "none"
      },
      {
        "type": "heading",
        "content": "Display settings"
      },
      {
        "type": "checkbox",
        "label": "Show quickview button on product cards",
        "force_reload": true,
        "id": "show_product_quick_view"
      },
      {
        "type": "checkbox",
        "label": "Show product description tabs",
        "force_reload": true,
        "id": "show_product_details_tabs"
      },
      {
        "type": "checkbox",
        "label": "Show product weight",
        "force_reload": true,
        "id": "show_product_weight"
      },
      {
        "type": "checkbox",
        "label": "Show product dimensions",
        "force_reload": true,
        "id": "show_product_dimensions"
      },
      {
        "type": "checkbox",
        "label": "Show &quot;Shop by Price&quot; in filters",
        "force_reload": true,
        "id": "shop_by_price_visibility"
      },
      {
        "type": "checkbox",
        "label": "Show product reviews",
        "force_reload": true,
        "id": "show_product_reviews_tabs"
      },
      {
        "type": "select",
        "label": "Number of product reviews",
        "id": "productpage_reviews_count",
        "reference": "show_product_reviews_tabs",
        "reference_default": false,
        "force_reload": true,
        "options": [
          {
            "value": 1,
            "label": "1"
          },
          {
            "value": 2,
            "label": "2"
          },
          {
            "value": 3,
            "label": "3"
          },
          {
            "value": 4,
            "label": "4"
          },
          {
            "value": 5,
            "label": "5"
          },
          {
            "value": 6,
            "label": "6"
          },
          {
            "value": 7,
            "label": "7"
          },
          {
            "value": 8,
            "label": "8"
          },
          {
            "value": 9,
            "label": "9"
          },
          {
            "value": 10,
            "label": "10"
          },
          {
            "value": 11,
            "label": "11"
          },
          {
            "value": 12,
            "label": "12"
          }
        ]
      },
      {
        "type": "color",
        "label": "Wishlist dropdown background",
        "id": "dropdown--wishList-backgroundColor"
      },
      {
        "type": "heading",
        "content": "Number of products displayed"
      },
      {
        "type": "select",
        "label": "Category page",
        "id": "categorypage_products_per_page",
        "force_reload": true,
        "options": [
          {
            "value": 6,
            "label": "6"
          },
          {
            "value": 8,
            "label": "8"
          },
          {
            "value": 9,
            "label": "9"
          },
          {
            "value": 12,
            "label": "12"
          },
          {
            "value": 15,
            "label": "15"
          },
          {
            "value": 16,
            "label": "16"
          },
          {
            "value": 18,
            "label": "18"
          },
          {
            "value": 20,
            "label": "20"
          }
        ]
      },
      {
        "type": "select",
        "label": "Brand page",
        "id": "brandpage_products_per_page",
        "force_reload": true,
        "options": [
          {
            "value": 6,
            "label": "6"
          },
          {
            "value": 8,
            "label": "8"
          },
          {
            "value": 9,
            "label": "9"
          },
          {
            "value": 12,
            "label": "12"
          },
          {
            "value": 15,
            "label": "15"
          },
          {
            "value": 16,
            "label": "16"
          },
          {
            "value": 18,
            "label": "18"
          },
          {
            "value": 20,
            "label": "20"
          }
        ]
      },
      {
        "type": "select",
        "label": "Search result page",
        "id": "searchpage_products_per_page",
        "force_reload": true,
        "options": [
          {
            "value": 6,
            "label": "6"
          },
          {
            "value": 8,
            "label": "8"
          },
          {
            "value": 9,
            "label": "9"
          },
          {
            "value": 12,
            "label": "12"
          },
          {
            "value": 15,
            "label": "15"
          },
          {
            "value": 16,
            "label": "16"
          },
          {
            "value": 18,
            "label": "18"
          },
          {
            "value": 20,
            "label": "20"
          }
        ]
      },
      {
        "type": "select",
        "label": "Product page (related products)",
        "id": "productpage_related_products_count",
        "force_reload": true,
        "options": [
          {
            "value": 0,
            "label": "Disable"
          },
          {
            "value": 1,
            "label": "1"
          },
          {
            "value": 2,
            "label": "2"
          },
          {
            "value": 3,
            "label": "3"
          },
          {
            "value": 4,
            "label": "4"
          },
          {
            "value": 5,
            "label": "5"
          },
          {
            "value": 6,
            "label": "6"
          },
          {
            "value": 7,
            "label": "7"
          },
          {
            "value": 8,
            "label": "8"
          },
          {
            "value": 9,
            "label": "9"
          },
          {
            "value": 10,
            "label": "10"
          },
          {
            "value": 11,
            "label": "11"
          },
          {
            "value": 12,
            "label": "12"
          }
        ]
      },
      {
        "type": "select",
        "label": "Product page (customers also viewed products)",
        "id": "productpage_similar_by_views_count",
        "force_reload": true,
        "options": [
          {
            "value": 0,
            "label": "Disable"
          },
          {
            "value": 1,
            "label": "1"
          },
          {
            "value": 2,
            "label": "2"
          },
          {
            "value": 3,
            "label": "3"
          },
          {
            "value": 4,
            "label": "4"
          },
          {
            "value": 5,
            "label": "5"
          },
          {
            "value": 6,
            "label": "6"
          },
          {
            "value": 7,
            "label": "7"
          },
          {
            "value": 8,
            "label": "8"
          },
          {
            "value": 9,
            "label": "9"
          },
          {
            "value": 10,
            "label": "10"
          },
          {
            "value": 11,
            "label": "11"
          },
          {
            "value": 12,
            "label": "12"
          }
        ]
      },
      {
        "type": "heading",
        "content": "Product cards"
      },
      {
        "type": "color",
        "label": "Product header text color",
        "id": "card-title-color"
      },
      {
        "type": "color",
        "label": "Product header text hover color",
        "id": "card-title-color-hover"
      },
      {
        "type": "color",
        "label": "Button text color",
        "id": "card-figcaption-button-color"
      },
      {
        "type": "color",
        "label": "Button background",
        "id": "card-figcaption-button-background"
      },
      {
        "type": "heading",
        "content": "Product cards (quick search)"
      },
      {
        "type": "color",
        "label": "Background color",
        "id": "card--alternate-backgroundColor"
      },
      {
        "type": "color",
        "label": "Border color",
        "id": "card--alternate-borderColor"
      },
      {
        "type": "color",
        "label": "Text hover color",
        "id": "card--alternate-color--hover"
      },
      {
        "type": "heading",
        "content": "Image sizes"
      },
      {
        "type": "paragraph",
        "content": "Please specify a maximum image size for desktop display. We'll automatically scale down the image for smaller devices."
      },
      {
        "type": "imageDimension",
        "label": "Main product images",
        "id": "product_size",
        "force_reload": true,
        "options": [
          {
            "value": "500x659",
            "label": "Optimized for theme"
          },
          {
            "value": "custom",
            "label": "Specify dimensions"
          }
        ]
      },
      {
        "type": "imageDimension",
        "label": "Thumbnail image in cart",
        "id": "productview_thumb_size",
        "force_reload": true,
        "options": [
          {
            "value": "50x50",
            "label": "Optimized for theme"
          },
          {
            "value": "custom",
            "label": "Specify dimensions"
          }
        ]
      },
      {
        "type": "imageDimension",
        "label": "Thumbnail image in cart and other pages",
        "id": "productthumb_size",
        "force_reload": true,
        "options": [
          {
            "value": "100x100",
            "label": "Optimized for theme"
          },
          {
            "value": "custom",
            "label": "Specify dimensions"
          }
        ]
      },
      {
        "type": "imageDimension",
        "label": "Zoomed image",
        "id": "zoom_size",
        "force_reload": true,
        "options": [
          {
            "value": "1280x1280",
            "label": "Optimized for theme"
          },
          {
            "value": "custom",
            "label": "Specify dimensions"
          }
        ]
      },
      {
        "type": "imageDimension",
        "label": "Image in gallery view",
        "id": "productgallery_size",
        "force_reload": true,
        "options": [
          {
            "value": "500x659",
            "label": "Optimized for theme"
          },
          {
            "value": "custom",
            "label": "Specify dimensions"
          }
        ]
      },
      {
        "type": "imageDimension",
        "label": "Brand image in gallery view",
        "id": "brand_size",
        "force_reload": true,
        "options": [
          {
            "value": "190x250",
            "label": "Optimized for theme"
          },
          {
            "value": "custom",
            "label": "Specify dimensions"
          }
        ]
      },
      {
        "label": "Product swatch images",
        "type": "imageDimension",
        "id": "swatch_option_size",
        "force_reload": true,
        "options": [
          {
            "value": "22x22",
            "label": "Standard"
          },
          {
            "value": "custom",
            "label": "Specify dimensions"
          }
        ]
      }
    ]
  },
  {
    "name": "Buttons & Icons",
    "settings": [
      {
        "type": "heading",
        "content": "Primary action button"
      },
      {
        "type": "color",
        "label": "Button text color",
        "id": "button--primary-color"
      },
      {
        "type": "color",
        "label": "Button text hover color",
        "id": "button--primary-colorHover"
      },
      {
        "type": "color",
        "label": "Button text active color",
        "id": "button--primary-colorActive"
      },
      {
        "type": "color",
        "label": "Button background",
        "id": "button--primary-backgroundColor"
      },
      {
        "type": "color",
        "label": "Button background hover",
        "id": "button--primary-backgroundColorHover"
      },
      {
        "type": "color",
        "label": "Button background active",
        "id": "button--primary-backgroundColorActive"
      },
      {
        "type": "heading",
        "content": "Secondary action button"
      },
      {
        "type": "color",
        "label": "Button text color",
        "id": "button--default-color"
      },
      {
        "type": "color",
        "label": "Button text hover color",
        "id": "button--default-colorHover"
      },
      {
        "type": "color",
        "label": "Button text active color",
        "id": "button--default-colorActive"
      },
      {
        "type": "color",
        "label": "Button border",
        "id": "button--default-borderColor"
      },
      {
        "type": "color",
        "label": "Button border hover",
        "id": "button--default-borderColorHover"
      },
      {
        "type": "color",
        "label": "Button border active",
        "id": "button--default-borderColorActive"
      },
      {
        "type": "heading",
        "content": "Tertiary action button"
      },
      {
        "type": "color",
        "label": "Button background",
        "id": "select-bg-color"
      },
      {
        "type": "color",
        "label": "Button arrow icon",
        "id": "select-arrow-color"
      },
      {
        "type": "heading",
        "content": "Disabled button"
      },
      {
        "type": "color",
        "label": "Button text color",
        "id": "button--disabled-color"
      },
      {
        "type": "color",
        "label": "Button background",
        "id": "button--disabled-backgroundColor"
      },
      {
        "type": "color",
        "label": "Button border",
        "id": "button--disabled-borderColor"
      },
      {
        "type": "heading",
        "content": "Icons"
      },
      {
        "type": "color",
        "label": "Social media icon",
        "id": "icon-color"
      },
      {
        "type": "color",
        "label": "Social media icon hover",
        "id": "icon-color-hover"
      },
      {
        "type": "color",
        "label": "Star review icon (full)",
        "id": "icon-ratingEmpty"
      },
      {
        "type": "color",
        "label": "Star review icon (empty)",
        "id": "icon-ratingFull"
      },
      {
        "type": "color",
        "label": "Increase/decrease button icon",
        "id": "button--icon-svg-color"
      },
      {
        "type": "heading",
        "content": "Checkboxes and radio buttons"
      },
      {
        "type": "color",
        "label": "Checkbox and radio icon",
        "id": "checkRadio-color"
      },
      {
        "type": "color",
        "label": "Button background",
        "id": "checkRadio-backgroundColor"
      },
      {
        "type": "color",
        "label": "Button border",
        "id": "checkRadio-borderColor"
      }
    ]
  },
  {
    "name": "Checkout Page",
    "enable": "ucoEnabled",
    "settings": [
      {
        "type": "heading",
        "content": "Header"
      },
      {
        "type": "checkbox",
        "label": "Use background image",
        "id": "optimizedCheckout-show-backgroundImage"
      },
      {
        "type": "optimizedCheckout-image",
        "label": "1000 x 400px recommended",
        "reference": "optimizedCheckout-show-backgroundImage",
        "reference_default": false,
        "id": "optimizedCheckout-backgroundImage"
      },
      {
        "type": "imageDimension",
        "description": "Please specify a maximum image size for desktop display. We'll automatically scale down the image for smaller devices.",
        "label": "Header image size",
        "reference": "optimizedCheckout-backgroundImage",
        "reference_default": "",
        "id": "optimizedCheckout-backgroundImage-size",
        "options": [
          {
            "value": "1000x400",
            "label": "Optimized for theme"
          },
          {
            "value": "custom",
            "label": "Specify dimensions"
          }
        ]
      },
      {
        "type": "color",
        "label": "Background color",
        "id": "optimizedCheckout-header-backgroundColor"
      },
      {
        "type": "color",
        "label": "Header text color",
        "id": "optimizedCheckout-header-textColor"
      },
      {
        "type": "color",
        "label": "Header border",
        "id": "optimizedCheckout-header-borderColor"
      },
      {
        "type": "heading",
        "content": "Logo"
      },
      {
        "type": "select",
        "label": "Logo type",
        "id": "optimizedCheckout-show-logo",
        "options": [
          {
            "value": "none",
            "label": "Text"
          },
          {
            "value": "custom",
            "label": "Image"
          }
        ]
      },
      {
        "type": "optimizedCheckout-image",
        "label": "250 x 100px recommended",
        "reference": "optimizedCheckout-show-logo",
        "reference_default": "none",
        "force_reload": true,
        "id": "optimizedCheckout-logo"
      },
      {
        "type": "imageDimension",
        "description": "Please specify a maximum image size for desktop display. We'll automatically scale down the image for smaller devices.",
        "label": "",
        "reference": "optimizedCheckout-logo",
        "reference_default": "",
        "id": "optimizedCheckout-logo-size",
        "force_reload": true,
        "options": [
          {
            "value": "250x100",
            "label": "Optimized for theme"
          },
          {
            "value": "custom",
            "label": "Specify dimensions"
          }
        ]
      },
      {
        "type": "select",
        "label": "Logo position",
        "id": "optimizedCheckout-logo-position",
        "options": [
          {
            "value": "left",
            "label": "Left"
          },
          {
            "value": "center",
            "label": "Center"
          },
          {
            "value": "right",
            "label": "Right"
          }
        ]
      },
      {
        "type": "heading",
        "content": "Discount banner"
      },
      {
        "type": "color",
        "label": "Banner background",
        "id": "optimizedCheckout-discountBanner-backgroundColor"
      },
      {
        "type": "color",
        "label": "Banner text color",
        "id": "optimizedCheckout-discountBanner-textColor"
      },
      {
        "type": "color",
        "label": "Banner icon",
        "id": "optimizedCheckout-discountBanner-iconColor"
      },
      {
        "type": "heading",
        "content": "Order summary box"
      },
      {
        "type": "color",
        "label": "Box background",
        "id": "optimizedCheckout-orderSummary-backgroundColor"
      },
      {
        "type": "color",
        "label": "Box border",
        "id": "optimizedCheckout-orderSummary-borderColor"
      },
      {
        "type": "heading",
        "content": "Checkout steps"
      },
      {
        "type": "color",
        "label": "Icon background",
        "id": "optimizedCheckout-step-backgroundColor"
      },
      {
        "type": "color",
        "label": "Icon border",
        "id": "optimizedCheckout-step-borderColor"
      },
      {
        "type": "color",
        "label": "Icon text color",
        "id": "optimizedCheckout-step-textColor"
      },
      {
        "type": "heading",
        "content": "Headings"
      },
      {
        "type": "font",
        "label": "Heading 1 font family",
        "id": "optimizedCheckout-headingPrimary-font",
        "options": [
          {
            "group": "Open Sans",
            "label": "Open Sans",
            "value": "Google_Open+Sans_400"
          },
          {
            "group": "Open Sans",
            "label": "Open Sans Bold",
            "value": "Google_Open+Sans_700"
          },
          {
            "group": "Montserrat",
            "label": "Montserrat",
            "value": "Google_Montserrat_400"
          },
          {
            "group": "Karla",
            "label": "Karla",
            "value": "Google_Karla_400"
          },
          {
            "group": "Roboto",
            "label": "Roboto",
            "value": "Google_Roboto_400"
          },
          {
            "group": "Source Sans Pro",
            "label": "Source Sans Pro",
            "value": "Google_Source+Sans+Pro_400"
          },
          {
            "group": "Volkhov",
            "label": "Volkhov",
            "value": "Google_Volkhov_400"
          }
        ]
      },
      {
        "type": "color",
        "label": "Heading 1 text color",
        "id": "optimizedCheckout-headingPrimary-color"
      },
      {
        "type": "font",
        "label": "Heading 2 font family",
        "id": "optimizedCheckout-headingSecondary-font",
        "options": [
          {
            "group": "Open Sans",
            "label": "Open Sans",
            "value": "Google_Open+Sans_400"
          },
          {
            "group": "Open Sans",
            "label": "Open Sans Bold",
            "value": "Google_Open+Sans_700"
          },
          {
            "group": "Montserrat",
            "label": "Montserrat",
            "value": "Google_Montserrat_400"
          },
          {
            "group": "Karla",
            "label": "Karla",
            "value": "Google_Karla_400"
          },
          {
            "group": "Roboto",
            "label": "Roboto",
            "value": "Google_Roboto_400"
          },
          {
            "group": "Source Sans Pro",
            "label": "Source Sans Pro",
            "value": "Google_Source+Sans+Pro_400"
          },
          {
            "group": "Volkhov",
            "label": "Volkhov",
            "value": "Google_Volkhov_400"
          }
        ]
      },
      {
        "type": "color",
        "label": "Heading 2 text color",
        "id": "optimizedCheckout-headingSecondary-color"
      },
      {
        "type": "heading",
        "content": "Body"
      },
      {
        "type": "color",
        "label": "Page background",
        "id": "optimizedCheckout-body-backgroundColor"
      },
      {
        "type": "color",
        "label": "Focus color",
        "id": "optimizedCheckout-colorFocus"
      },
      {
        "type": "heading",
        "content": "Body text and links"
      },
      {
        "type": "font",
        "label": "Body text font family",
        "id": "optimizedCheckout-contentPrimary-font",
        "options": [
          {
            "group": "Open Sans",
            "label": "Open Sans",
            "value": "Google_Open+Sans_400"
          },
          {
            "group": "Open Sans",
            "label": "Open Sans Bold",
            "value": "Google_Open+Sans_700"
          },
          {
            "group": "Montserrat",
            "label": "Montserrat",
            "value": "Google_Montserrat_400"
          },
          {
            "group": "Karla",
            "label": "Karla",
            "value": "Google_Karla_400"
          },
          {
            "group": "Roboto",
            "label": "Roboto",
            "value": "Google_Roboto_400"
          },
          {
            "group": "Source Sans Pro",
            "label": "Source Sans Pro",
            "value": "Google_Source+Sans+Pro_400"
          },
          {
            "group": "Volkhov",
            "label": "Volkhov",
            "value": "Google_Volkhov_400"
          }
        ]
      },
      {
        "type": "color",
        "label": "Body text color",
        "id": "optimizedCheckout-contentPrimary-color"
      },
      {
        "type": "font",
        "label": "Secondary text font family",
        "id": "optimizedCheckout-contentSecondary-font",
        "options": [
          {
            "group": "Open Sans",
            "label": "Open Sans",
            "value": "Google_Open+Sans_400"
          },
          {
            "group": "Open Sans",
            "label": "Open Sans Bold",
            "value": "Google_Open+Sans_700"
          },
          {
            "group": "Montserrat",
            "label": "Montserrat",
            "value": "Google_Montserrat_400"
          },
          {
            "group": "Karla",
            "label": "Karla",
            "value": "Google_Karla_400"
          },
          {
            "group": "Roboto",
            "label": "Roboto",
            "value": "Google_Roboto_400"
          },
          {
            "group": "Source Sans Pro",
            "label": "Source Sans Pro",
            "value": "Google_Source+Sans+Pro_400"
          },
          {
            "group": "Volkhov",
            "label": "Volkhov",
            "value": "Google_Volkhov_400"
          }
        ]
      },
      {
        "type": "color",
        "label": "Secondary text color",
        "id": "optimizedCheckout-contentSecondary-color"
      },
      {
        "type": "font",
        "label": "Link font family",
        "id": "optimizedCheckout-link-font",
        "options": [
          {
            "group": "Open Sans",
            "label": "Open Sans",
            "value": "Google_Open+Sans_400"
          },
          {
            "group": "Open Sans",
            "label": "Open Sans Bold",
            "value": "Google_Open+Sans_700"
          },
          {
            "group": "Montserrat",
            "label": "Montserrat",
            "value": "Google_Montserrat_400"
          },
          {
            "group": "Karla",
            "label": "Karla",
            "value": "Google_Karla_400"
          },
          {
            "group": "Roboto",
            "label": "Roboto",
            "value": "Google_Roboto_400"
          },
          {
            "group": "Source Sans Pro",
            "label": "Source Sans Pro",
            "value": "Google_Source+Sans+Pro_400"
          },
          {
            "group": "Volkhov",
            "label": "Volkhov",
            "value": "Google_Volkhov_400"
          }
        ]
      },
      {
        "type": "color",
        "label": "Link color",
        "id": "optimizedCheckout-link-color"
      },
      {
        "type": "color",
        "label": "Link hover color",
        "id": "optimizedCheckout-link-hoverColor"
      },
      {
        "type": "heading",
        "content": "Primary action button"
      },
      {
        "type": "font",
        "label": "Button text font family",
        "id": "optimizedCheckout-buttonPrimary-font",
        "options": [
          {
            "group": "Open Sans",
            "label": "Open Sans",
            "value": "Google_Open+Sans_400"
          },
          {
            "group": "Open Sans",
            "label": "Open Sans Bold",
            "value": "Google_Open+Sans_700"
          },
          {
            "group": "Montserrat",
            "label": "Montserrat",
            "value": "Google_Montserrat_400"
          },
          {
            "group": "Karla",
            "label": "Karla",
            "value": "Google_Karla_400"
          },
          {
            "group": "Roboto",
            "label": "Roboto",
            "value": "Google_Roboto_400"
          },
          {
            "group": "Source Sans Pro",
            "label": "Source Sans Pro",
            "value": "Google_Source+Sans+Pro_400"
          },
          {
            "group": "Volkhov",
            "label": "Volkhov",
            "value": "Google_Volkhov_400"
          }
        ]
      },
      {
        "type": "color",
        "label": "Button text color",
        "id": "optimizedCheckout-buttonPrimary-color"
      },
      {
        "type": "color",
        "label": "Button text hover color",
        "id": "optimizedCheckout-buttonPrimary-colorHover"
      },
      {
        "type": "color",
        "label": "Button text active color",
        "id": "optimizedCheckout-buttonPrimary-colorActive"
      },
      {
        "type": "color",
        "label": "Button text disabled color",
        "id": "optimizedCheckout-buttonPrimary-colorDisabled"
      },
      {
        "type": "color",
        "label": "Button background",
        "id": "optimizedCheckout-buttonPrimary-backgroundColor"
      },
      {
        "type": "color",
        "label": "Button background hover",
        "id": "optimizedCheckout-buttonPrimary-backgroundColorHover"
      },
      {
        "type": "color",
        "label": "Button background active",
        "id": "optimizedCheckout-buttonPrimary-backgroundColorActive"
      },
      {
        "type": "color",
        "label": "Button background disabled",
        "id": "optimizedCheckout-buttonPrimary-backgroundColorDisabled"
      },
      {
        "type": "color",
        "label": "Button border",
        "id": "optimizedCheckout-buttonPrimary-borderColor"
      },
      {
        "type": "color",
        "label": "Button border hover",
        "id": "optimizedCheckout-buttonPrimary-borderColorHover"
      },
      {
        "type": "color",
        "label": "Button border active",
        "id": "optimizedCheckout-buttonPrimary-borderColorActive"
      },
      {
        "type": "color",
        "label": "Button border disabled",
        "id": "optimizedCheckout-buttonPrimary-borderColorDisabled"
      },
      {
        "type": "heading",
        "content": "Secondary action button"
      },
      {
        "type": "font",
        "label": "Button text font family",
        "id": "optimizedCheckout-buttonSecondary-font",
        "options": [
          {
            "group": "Open Sans",
            "label": "Open Sans",
            "value": "Google_Open+Sans_400"
          },
          {
            "group": "Open Sans",
            "label": "Open Sans Bold",
            "value": "Google_Open+Sans_700"
          },
          {
            "group": "Montserrat",
            "label": "Montserrat",
            "value": "Google_Montserrat_400"
          },
          {
            "group": "Karla",
            "label": "Karla",
            "value": "Google_Karla_400"
          },
          {
            "group": "Roboto",
            "label": "Roboto",
            "value": "Google_Roboto_400"
          },
          {
            "group": "Source Sans Pro",
            "label": "Source Sans Pro",
            "value": "Google_Source+Sans+Pro_400"
          },
          {
            "group": "Volkhov",
            "label": "Volkhov",
            "value": "Google_Volkhov_400"
          }
        ]
      },
      {
        "type": "color",
        "label": "Button text color",
        "id": "optimizedCheckout-buttonSecondary-color"
      },
      {
        "type": "color",
        "label": "Button text hover color",
        "id": "optimizedCheckout-buttonSecondary-colorHover"
      },
      {
        "type": "color",
        "label": "Button text active color",
        "id": "optimizedCheckout-buttonSecondary-colorActive"
      },
      {
        "type": "color",
        "label": "Button background",
        "id": "optimizedCheckout-buttonSecondary-backgroundColor"
      },
      {
        "type": "color",
        "label": "Button background hover",
        "id": "optimizedCheckout-buttonSecondary-backgroundColorHover"
      },
      {
        "type": "color",
        "label": "Button background active",
        "id": "optimizedCheckout-buttonSecondary-backgroundColorActive"
      },
      {
        "type": "color",
        "label": "Button border",
        "id": "optimizedCheckout-buttonSecondary-borderColor"
      },
      {
        "type": "color",
        "label": "Button border hover",
        "id": "optimizedCheckout-buttonSecondary-borderColorHover"
      },
      {
        "type": "color",
        "label": "Button border active",
        "id": "optimizedCheckout-buttonSecondary-borderColorActive"
      },
      {
        "type": "heading",
        "content": "Form input fields"
      },
      {
        "type": "color",
        "label": "Label text color",
        "id": "optimizedCheckout-form-textColor"
      },
      {
        "type": "color",
        "label": "Field text color",
        "id": "optimizedCheckout-formField-textColor"
      },
      {
        "type": "color",
        "label": "Field placeholder text color",
        "id": "optimizedCheckout-formField-placeholderColor"
      },
      {
        "type": "color",
        "label": "Field error text color",
        "id": "optimizedCheckout-formField-errorColor"
      },
      {
        "type": "color",
        "label": "Field background",
        "id": "optimizedCheckout-formField-backgroundColor"
      },
      {
        "type": "color",
        "label": "Field inner shadow",
        "id": "optimizedCheckout-formField-shadowColor"
      },
      {
        "type": "color",
        "label": "Field border",
        "id": "optimizedCheckout-formField-borderColor"
      },
      {
        "type": "color",
        "label": "Checkbox button background",
        "id": "optimizedCheckout-formField-inputControlColor"
      },
      {
        "type": "heading",
        "content": "Form checklist"
      },
      {
        "type": "color",
        "label": "Background color",
        "id": "optimizedCheckout-formChecklist-backgroundColor"
      },
      {
        "type": "color",
        "label": "Form background",
        "id": "optimizedCheckout-formChecklist-backgroundColorSelected"
      },
      {
        "type": "color",
        "label": "Form header text color",
        "id": "optimizedCheckout-formChecklist-color"
      },
      {
        "type": "color",
        "label": "Form border color",
        "id": "optimizedCheckout-formChecklist-borderColor"
      },
      {
        "type": "heading",
        "content": "Loading toaster"
      },
      {
        "type": "color",
        "label": "Toaster background",
        "id": "optimizedCheckout-loadingToaster-backgroundColor"
      },
      {
        "type": "color",
        "label": "Toaster text color",
        "id": "optimizedCheckout-loadingToaster-textColor"
      }
    ]
  },
  {
    "name": "Payment Buttons",
    "enable": "smartButtons",
    "settings": [
      {
        "type": "checkbox",
        "label": "Show PayPal tagline",
        "force_reload": true,
        "id": "paymentbuttons-paypal-tagline"
      },
      {
        "type": "checkbox",
        "label": "Show funding icons",
        "force_reload": true,
        "id": "paymentbuttons-paypal-fundingicons"
      },
      {
        "type": "select",
        "label": "Button color",
        "id": "paymentbuttons-paypal-color",
        "force_reload": true,
        "options": [
          {
            "value": "gold",
            "label": "Gold"
          },
          {
            "value": "blue",
            "label": "Blue"
          },
          {
            "value": "silver",
            "label": "Silver"
          },
          {
            "value": "black",
            "label": "Black"
          }
        ]
      },
      {
        "type": "select",
        "label": "Button shape",
        "id": "paymentbuttons-paypal-shape",
        "force_reload": true,
        "options": [
          {
            "value": "pill",
            "label": "Pill"
          },
          {
            "value": "rect",
            "label": "Rectangle"
          }
        ]
      },
      {
        "type": "select",
        "label": "Button size",
        "id": "paymentbuttons-paypal-size",
        "force_reload": true,
        "options": [
          {
            "value": "small",
            "label": "Small"
          },
          {
            "value": "medium",
            "label": "Medium"
          },
          {
            "value": "large",
            "label": "Large"
          },
          {
            "value": "responsive",
            "label": "Responsive"
          }
        ]
      },
      {
        "type": "select",
        "label": "Button content",
        "id": "paymentbuttons-paypal-label",
        "force_reload": true,
        "options": [
          {
            "value": "checkout",
            "label": "PayPal Checkout"
          },
          {
            "value": "pay",
            "label": "Pay with PayPal"
          },
          {
            "value": "buynow",
            "label": "Buy Now"
          },
          {
            "value": "paypal",
            "label": "PayPal"
          }
        ]
      },
      {
        "type": "select",
        "label": "Display style",
        "id": "paymentbuttons-paypal-layout",
        "force_reload": true,
        "options": [
          {
            "value": "horizontal",
            "label": "Show buttons horizontally"
          },
          {
            "value": "vertical",
            "label": "Show buttons vertically"
          }
        ]
      }
    ]
  }
]